earliest	n	p
0	80	0.024683739586547362
1	5	0.0015427337241592102
2	4	0.001234186979327368
3	253	0.07806232644245603
4	2899	0.8944770132675101
