earliest	n	p
0	80	0.02470660901791229
1	5	0.0015441630636195182
2	4	0.0012353304508956147
3	253	0.07813465101914763
4	2896	0.8943792464484249
